--------------------------------------------------------
-- Archivo creado  - domingo-diciembre-09-2018   
--------------------------------------------------------
DROP TABLE "VIDEOGAMESERP"."LOGS" cascade constraints;
DROP TABLE "VIDEOGAMESERP"."ORDERS" cascade constraints;
DROP TABLE "VIDEOGAMESERP"."ORDERSPRODUCTS" cascade constraints;
DROP TABLE "VIDEOGAMESERP"."CUSTOMERS" cascade constraints;
DROP TABLE "VIDEOGAMESERP"."CATEGORIES" cascade constraints;
DROP TABLE "VIDEOGAMESERP"."PAYMENTMETHODS" cascade constraints;
DROP TABLE "VIDEOGAMESERP"."PERMITS" cascade constraints;
DROP TABLE "VIDEOGAMESERP"."PLATFORMS" cascade constraints;
DROP TABLE "VIDEOGAMESERP"."PRODUCTS" cascade constraints;
DROP TABLE "VIDEOGAMESERP"."ROL_PERM" cascade constraints;
DROP TABLE "VIDEOGAMESERP"."ROLES" cascade constraints;
DROP TABLE "VIDEOGAMESERP"."USERS" cascade constraints;
DROP TABLE "VIDEOGAMESERP"."USERS_ROLES" cascade constraints;
--------------------------------------------------------
--  DDL for Table LOGS
--------------------------------------------------------

  CREATE TABLE "VIDEOGAMESERP"."LOGS" 
   (	"FECHACAMBIO" DATE, 
	"IDUSER" NUMBER(38,0), 
	"DESCRIPCION" VARCHAR2(200 BYTE)
   ) SEGMENT CREATION IMMEDIATE 
  PCTFREE 10 PCTUSED 40 INITRANS 1 MAXTRANS 255 NOCOMPRESS LOGGING
  STORAGE(INITIAL 65536 NEXT 1048576 MINEXTENTS 1 MAXEXTENTS 2147483645
  PCTINCREASE 0 FREELISTS 1 FREELIST GROUPS 1 BUFFER_POOL DEFAULT FLASH_CACHE DEFAULT CELL_FLASH_CACHE DEFAULT)
  TABLESPACE "USERS" ;
--------------------------------------------------------
--  DDL for Table ORDERS
--------------------------------------------------------

  CREATE TABLE "VIDEOGAMESERP"."ORDERS" 
   (	"IDORDER" NUMBER(*,0), 
	"REFCUSTOMER" NUMBER(*,0), 
	"REFUSER" NUMBER(*,0), 
	"DATETIME" DATE, 
	"REFPAYMENTMETHOD" NUMBER, 
	"TOTAL" NUMBER(20,2), 
	"PREPAID" NUMBER(20,2), 
	"DELETED" NUMBER(*,0)
   ) SEGMENT CREATION IMMEDIATE 
  PCTFREE 10 PCTUSED 40 INITRANS 1 MAXTRANS 255 NOCOMPRESS LOGGING
  STORAGE(INITIAL 65536 NEXT 1048576 MINEXTENTS 1 MAXEXTENTS 2147483645
  PCTINCREASE 0 FREELISTS 1 FREELIST GROUPS 1 BUFFER_POOL DEFAULT FLASH_CACHE DEFAULT CELL_FLASH_CACHE DEFAULT)
  TABLESPACE "USERS" ;
--------------------------------------------------------
--  DDL for Table ORDERSPRODUCTS
--------------------------------------------------------

  CREATE TABLE "VIDEOGAMESERP"."ORDERSPRODUCTS" 
   (	"IDORDERPRODUCT" NUMBER(*,0), 
	"REFORDER" NUMBER(*,0), 
	"REFPRODUCT" NUMBER(*,0), 
	"AMOUNT" NUMBER(*,0), 
	"PRICESALE" FLOAT(126)
   ) SEGMENT CREATION IMMEDIATE 
  PCTFREE 10 PCTUSED 40 INITRANS 1 MAXTRANS 255 NOCOMPRESS LOGGING
  STORAGE(INITIAL 65536 NEXT 1048576 MINEXTENTS 1 MAXEXTENTS 2147483645
  PCTINCREASE 0 FREELISTS 1 FREELIST GROUPS 1 BUFFER_POOL DEFAULT FLASH_CACHE DEFAULT CELL_FLASH_CACHE DEFAULT)
  TABLESPACE "USERS" ;
--------------------------------------------------------
--  DDL for Table CUSTOMERS
--------------------------------------------------------

  CREATE TABLE "VIDEOGAMESERP"."CUSTOMERS" 
   (	"IDCUSTOMER" NUMBER(*,0), 
	"DNI" VARCHAR2(9 BYTE), 
	"NAME" VARCHAR2(30 BYTE), 
	"SURNAME" VARCHAR2(20 BYTE), 
	"ADDRESS" VARCHAR2(30 BYTE), 
	"PHONE" NUMBER(*,0), 
	"EMAIL" VARCHAR2(20 BYTE), 
	"REFZIPCODESCITIES" NUMBER, 
	"DELETED" NUMBER(*,0)
   ) SEGMENT CREATION IMMEDIATE 
  PCTFREE 10 PCTUSED 40 INITRANS 1 MAXTRANS 255 NOCOMPRESS LOGGING
  STORAGE(INITIAL 65536 NEXT 1048576 MINEXTENTS 1 MAXEXTENTS 2147483645
  PCTINCREASE 0 FREELISTS 1 FREELIST GROUPS 1 BUFFER_POOL DEFAULT FLASH_CACHE DEFAULT CELL_FLASH_CACHE DEFAULT)
  TABLESPACE "USERS" ;
--------------------------------------------------------
--  DDL for Table CATEGORIES
--------------------------------------------------------

  CREATE TABLE "VIDEOGAMESERP"."CATEGORIES" 
   (	"IDCATEGORY" NUMBER(38,0), 
	"NAME" VARCHAR2(30 BYTE), 
	"DELETED" NUMBER(38,0)
   ) SEGMENT CREATION IMMEDIATE 
  PCTFREE 10 PCTUSED 40 INITRANS 1 MAXTRANS 255 NOCOMPRESS LOGGING
  STORAGE(INITIAL 65536 NEXT 1048576 MINEXTENTS 1 MAXEXTENTS 2147483645
  PCTINCREASE 0 FREELISTS 1 FREELIST GROUPS 1 BUFFER_POOL DEFAULT FLASH_CACHE DEFAULT CELL_FLASH_CACHE DEFAULT)
  TABLESPACE "USERS" ;
--------------------------------------------------------
--  DDL for Table PAYMENTMETHODS
--------------------------------------------------------

  CREATE TABLE "VIDEOGAMESERP"."PAYMENTMETHODS" 
   (	"IDPAYMENTMETHOD" NUMBER, 
	"PAYMENTMETHOD" VARCHAR2(100 BYTE), 
	"DELETED" NUMBER
   ) SEGMENT CREATION IMMEDIATE 
  PCTFREE 10 PCTUSED 40 INITRANS 1 MAXTRANS 255 NOCOMPRESS LOGGING
  STORAGE(INITIAL 65536 NEXT 1048576 MINEXTENTS 1 MAXEXTENTS 2147483645
  PCTINCREASE 0 FREELISTS 1 FREELIST GROUPS 1 BUFFER_POOL DEFAULT FLASH_CACHE DEFAULT CELL_FLASH_CACHE DEFAULT)
  TABLESPACE "USERS" ;
--------------------------------------------------------
--  DDL for Table PERMITS
--------------------------------------------------------

  CREATE TABLE "VIDEOGAMESERP"."PERMITS" 
   (	"IDPERMIT" NUMBER(38,0), 
	"NAME" VARCHAR2(30 BYTE)
   ) SEGMENT CREATION IMMEDIATE 
  PCTFREE 10 PCTUSED 40 INITRANS 1 MAXTRANS 255 NOCOMPRESS LOGGING
  STORAGE(INITIAL 65536 NEXT 1048576 MINEXTENTS 1 MAXEXTENTS 2147483645
  PCTINCREASE 0 FREELISTS 1 FREELIST GROUPS 1 BUFFER_POOL DEFAULT FLASH_CACHE DEFAULT CELL_FLASH_CACHE DEFAULT)
  TABLESPACE "USERS" ;
--------------------------------------------------------
--  DDL for Table PLATFORMS
--------------------------------------------------------

  CREATE TABLE "VIDEOGAMESERP"."PLATFORMS" 
   (	"IDPLATFORM" NUMBER(38,0), 
	"NAME" VARCHAR2(30 BYTE), 
	"DELETED" NUMBER(38,0)
   ) SEGMENT CREATION IMMEDIATE 
  PCTFREE 10 PCTUSED 40 INITRANS 1 MAXTRANS 255 NOCOMPRESS LOGGING
  STORAGE(INITIAL 65536 NEXT 1048576 MINEXTENTS 1 MAXEXTENTS 2147483645
  PCTINCREASE 0 FREELISTS 1 FREELIST GROUPS 1 BUFFER_POOL DEFAULT FLASH_CACHE DEFAULT CELL_FLASH_CACHE DEFAULT)
  TABLESPACE "USERS" ;
--------------------------------------------------------
--  DDL for Table PRODUCTS
--------------------------------------------------------

  CREATE TABLE "VIDEOGAMESERP"."PRODUCTS" 
   (	"IDPRODUCT" NUMBER(*,0), 
	"NAME" VARCHAR2(40 BYTE), 
	"IDCATEGORY" NUMBER(38,0), 
	"IDPLATFORM" NUMBER(38,0), 
	"MINIMUMAGE" NUMBER(2,0), 
	"PRICE" FLOAT(126), 
	"DELETED" NUMBER(*,0)
   ) SEGMENT CREATION IMMEDIATE 
  PCTFREE 10 PCTUSED 40 INITRANS 1 MAXTRANS 255 NOCOMPRESS LOGGING
  STORAGE(INITIAL 65536 NEXT 1048576 MINEXTENTS 1 MAXEXTENTS 2147483645
  PCTINCREASE 0 FREELISTS 1 FREELIST GROUPS 1 BUFFER_POOL DEFAULT FLASH_CACHE DEFAULT CELL_FLASH_CACHE DEFAULT)
  TABLESPACE "USERS" ;
--------------------------------------------------------
--  DDL for Table ROL_PERM
--------------------------------------------------------

  CREATE TABLE "VIDEOGAMESERP"."ROL_PERM" 
   (	"IDROLPERM" NUMBER(38,0), 
	"IDPERMIT" NUMBER(38,0), 
	"IDROLE" NUMBER(38,0)
   ) SEGMENT CREATION IMMEDIATE 
  PCTFREE 10 PCTUSED 40 INITRANS 1 MAXTRANS 255 NOCOMPRESS LOGGING
  STORAGE(INITIAL 65536 NEXT 1048576 MINEXTENTS 1 MAXEXTENTS 2147483645
  PCTINCREASE 0 FREELISTS 1 FREELIST GROUPS 1 BUFFER_POOL DEFAULT FLASH_CACHE DEFAULT CELL_FLASH_CACHE DEFAULT)
  TABLESPACE "USERS" ;
--------------------------------------------------------
--  DDL for Table ROLES
--------------------------------------------------------

  CREATE TABLE "VIDEOGAMESERP"."ROLES" 
   (	"IDROLE" NUMBER(38,0), 
	"NAME" VARCHAR2(30 BYTE)
   ) SEGMENT CREATION IMMEDIATE 
  PCTFREE 10 PCTUSED 40 INITRANS 1 MAXTRANS 255 NOCOMPRESS LOGGING
  STORAGE(INITIAL 65536 NEXT 1048576 MINEXTENTS 1 MAXEXTENTS 2147483645
  PCTINCREASE 0 FREELISTS 1 FREELIST GROUPS 1 BUFFER_POOL DEFAULT FLASH_CACHE DEFAULT CELL_FLASH_CACHE DEFAULT)
  TABLESPACE "USERS" ;
--------------------------------------------------------
--  DDL for Table USERS
--------------------------------------------------------

  CREATE TABLE "VIDEOGAMESERP"."USERS" 
   (	"IDUSER" NUMBER(*,0), 
	"NAME" VARCHAR2(30 BYTE), 
	"PASSWORD" VARCHAR2(50 BYTE), 
	"DELETED" NUMBER(*,0)
   ) SEGMENT CREATION IMMEDIATE 
  PCTFREE 10 PCTUSED 40 INITRANS 1 MAXTRANS 255 NOCOMPRESS LOGGING
  STORAGE(INITIAL 65536 NEXT 1048576 MINEXTENTS 1 MAXEXTENTS 2147483645
  PCTINCREASE 0 FREELISTS 1 FREELIST GROUPS 1 BUFFER_POOL DEFAULT FLASH_CACHE DEFAULT CELL_FLASH_CACHE DEFAULT)
  TABLESPACE "USERS" ;
--------------------------------------------------------
--  DDL for Table USERS_ROLES
--------------------------------------------------------

  CREATE TABLE "VIDEOGAMESERP"."USERS_ROLES" 
   (	"IDUSERROL" NUMBER(38,0), 
	"IDUSER" NUMBER(38,0), 
	"IDROLE" NUMBER(38,0)
   ) SEGMENT CREATION IMMEDIATE 
  PCTFREE 10 PCTUSED 40 INITRANS 1 MAXTRANS 255 NOCOMPRESS LOGGING
  STORAGE(INITIAL 65536 NEXT 1048576 MINEXTENTS 1 MAXEXTENTS 2147483645
  PCTINCREASE 0 FREELISTS 1 FREELIST GROUPS 1 BUFFER_POOL DEFAULT FLASH_CACHE DEFAULT CELL_FLASH_CACHE DEFAULT)
  TABLESPACE "USERS" ;
REM INSERTING into VIDEOGAMESERP.LOGS
SET DEFINE OFF;
Insert into VIDEOGAMESERP.LOGS (FECHACAMBIO,IDUSER,DESCRIPCION) values (to_date('09/12/18','DD/MM/RR'),'1','Role USER updated');
Insert into VIDEOGAMESERP.LOGS (FECHACAMBIO,IDUSER,DESCRIPCION) values (to_date('09/12/18','DD/MM/RR'),'1','Role ENC created');
Insert into VIDEOGAMESERP.LOGS (FECHACAMBIO,IDUSER,DESCRIPCION) values (to_date('09/12/18','DD/MM/RR'),'1','User encargado created');
Insert into VIDEOGAMESERP.LOGS (FECHACAMBIO,IDUSER,DESCRIPCION) values (to_date('09/12/18','DD/MM/RR'),'1','User user1 updated');
Insert into VIDEOGAMESERP.LOGS (FECHACAMBIO,IDUSER,DESCRIPCION) values (to_date('09/12/18','DD/MM/RR'),'1','Customer 98788736D created');
Insert into VIDEOGAMESERP.LOGS (FECHACAMBIO,IDUSER,DESCRIPCION) values (to_date('09/12/18','DD/MM/RR'),'1','Customer 67655678F created');
Insert into VIDEOGAMESERP.LOGS (FECHACAMBIO,IDUSER,DESCRIPCION) values (to_date('09/12/18','DD/MM/RR'),'1','Product Fifa created');
Insert into VIDEOGAMESERP.LOGS (FECHACAMBIO,IDUSER,DESCRIPCION) values (to_date('09/12/18','DD/MM/RR'),'1','Product Call Of Duty created');
Insert into VIDEOGAMESERP.LOGS (FECHACAMBIO,IDUSER,DESCRIPCION) values (to_date('09/12/18','DD/MM/RR'),'1','Order 1 created');
REM INSERTING into VIDEOGAMESERP.ORDERS
SET DEFINE OFF;
Insert into VIDEOGAMESERP.ORDERS (IDORDER,REFCUSTOMER,REFUSER,DATETIME,REFPAYMENTMETHOD,TOTAL,PREPAID,DELETED) values ('1','1','1',to_date('09/12/18','DD/MM/RR'),'1','60','0','0');
REM INSERTING into VIDEOGAMESERP.ORDERSPRODUCTS
SET DEFINE OFF;
Insert into VIDEOGAMESERP.ORDERSPRODUCTS (IDORDERPRODUCT,REFORDER,REFPRODUCT,AMOUNT,PRICESALE) values ('1','1','2','1','60');
REM INSERTING into VIDEOGAMESERP.CUSTOMERS
SET DEFINE OFF;
Insert into VIDEOGAMESERP.CUSTOMERS (IDCUSTOMER,DNI,NAME,SURNAME,ADDRESS,PHONE,EMAIL,REFZIPCODESCITIES,DELETED) values ('1','98788736D','Diego','Alba','C\ Cruzes Numero 6','983344334','diego303.d@gmail.com','13660','0');
Insert into VIDEOGAMESERP.CUSTOMERS (IDCUSTOMER,DNI,NAME,SURNAME,ADDRESS,PHONE,EMAIL,REFZIPCODESCITIES,DELETED) values ('2','67655678F','Luis','Ayuga','Calle falsa numero 4','345545445','ayuga@gmail.com','2002','0');
REM INSERTING into VIDEOGAMESERP.CATEGORIES
SET DEFINE OFF;
Insert into VIDEOGAMESERP.CATEGORIES (IDCATEGORY,NAME,DELETED) values ('4','MOBA','0');
Insert into VIDEOGAMESERP.CATEGORIES (IDCATEGORY,NAME,DELETED) values ('1','ACTION','0');
Insert into VIDEOGAMESERP.CATEGORIES (IDCATEGORY,NAME,DELETED) values ('2','SHOOTER','0');
Insert into VIDEOGAMESERP.CATEGORIES (IDCATEGORY,NAME,DELETED) values ('3','SPORTS','0');
REM INSERTING into VIDEOGAMESERP.PAYMENTMETHODS
SET DEFINE OFF;
Insert into VIDEOGAMESERP.PAYMENTMETHODS (IDPAYMENTMETHOD,PAYMENTMETHOD,DELETED) values ('1','PAYPAL','0');
REM INSERTING into VIDEOGAMESERP.PERMITS
SET DEFINE OFF;
Insert into VIDEOGAMESERP.PERMITS (IDPERMIT,NAME) values ('1','USERS MANAGEMENT');
Insert into VIDEOGAMESERP.PERMITS (IDPERMIT,NAME) values ('2','CUSTOMERS MANAGEMENT');
Insert into VIDEOGAMESERP.PERMITS (IDPERMIT,NAME) values ('6','PLATFORMS MANAGEMENT');
Insert into VIDEOGAMESERP.PERMITS (IDPERMIT,NAME) values ('3','ORDERS MANAGEMENT');
Insert into VIDEOGAMESERP.PERMITS (IDPERMIT,NAME) values ('4','PRODUCTS MANAGEMENT');
Insert into VIDEOGAMESERP.PERMITS (IDPERMIT,NAME) values ('5','CATEGORIES MANAGEMENT');
REM INSERTING into VIDEOGAMESERP.PLATFORMS
SET DEFINE OFF;
Insert into VIDEOGAMESERP.PLATFORMS (IDPLATFORM,NAME,DELETED) values ('4','PC','0');
Insert into VIDEOGAMESERP.PLATFORMS (IDPLATFORM,NAME,DELETED) values ('1','PLAY STATION','0');
Insert into VIDEOGAMESERP.PLATFORMS (IDPLATFORM,NAME,DELETED) values ('2','NINTENDO','0');
Insert into VIDEOGAMESERP.PLATFORMS (IDPLATFORM,NAME,DELETED) values ('3','XBOX','0');
REM INSERTING into VIDEOGAMESERP.PRODUCTS
SET DEFINE OFF;
Insert into VIDEOGAMESERP.PRODUCTS (IDPRODUCT,NAME,IDCATEGORY,IDPLATFORM,MINIMUMAGE,PRICE,DELETED) values ('1','Fifa','3','1','18','70','0');
Insert into VIDEOGAMESERP.PRODUCTS (IDPRODUCT,NAME,IDCATEGORY,IDPLATFORM,MINIMUMAGE,PRICE,DELETED) values ('2','Call Of Duty','2','4','18','60','0');
REM INSERTING into VIDEOGAMESERP.ROL_PERM
SET DEFINE OFF;
Insert into VIDEOGAMESERP.ROL_PERM (IDROLPERM,IDPERMIT,IDROLE) values ('57','4','2');
Insert into VIDEOGAMESERP.ROL_PERM (IDROLPERM,IDPERMIT,IDROLE) values ('58','5','2');
Insert into VIDEOGAMESERP.ROL_PERM (IDROLPERM,IDPERMIT,IDROLE) values ('59','6','2');
Insert into VIDEOGAMESERP.ROL_PERM (IDROLPERM,IDPERMIT,IDROLE) values ('32','1','1');
Insert into VIDEOGAMESERP.ROL_PERM (IDROLPERM,IDPERMIT,IDROLE) values ('33','2','1');
Insert into VIDEOGAMESERP.ROL_PERM (IDROLPERM,IDPERMIT,IDROLE) values ('34','3','1');
Insert into VIDEOGAMESERP.ROL_PERM (IDROLPERM,IDPERMIT,IDROLE) values ('35','4','1');
Insert into VIDEOGAMESERP.ROL_PERM (IDROLPERM,IDPERMIT,IDROLE) values ('36','5','1');
Insert into VIDEOGAMESERP.ROL_PERM (IDROLPERM,IDPERMIT,IDROLE) values ('37','6','1');
Insert into VIDEOGAMESERP.ROL_PERM (IDROLPERM,IDPERMIT,IDROLE) values ('51','4','3');
Insert into VIDEOGAMESERP.ROL_PERM (IDROLPERM,IDPERMIT,IDROLE) values ('49','2','3');
Insert into VIDEOGAMESERP.ROL_PERM (IDROLPERM,IDPERMIT,IDROLE) values ('50','3','3');
Insert into VIDEOGAMESERP.ROL_PERM (IDROLPERM,IDPERMIT,IDROLE) values ('52','5','3');
Insert into VIDEOGAMESERP.ROL_PERM (IDROLPERM,IDPERMIT,IDROLE) values ('53','6','3');
REM INSERTING into VIDEOGAMESERP.ROLES
SET DEFINE OFF;
Insert into VIDEOGAMESERP.ROLES (IDROLE,NAME) values ('1','ADMIN');
Insert into VIDEOGAMESERP.ROLES (IDROLE,NAME) values ('2','USER');
Insert into VIDEOGAMESERP.ROLES (IDROLE,NAME) values ('3','ENC');
REM INSERTING into VIDEOGAMESERP.USERS
SET DEFINE OFF;
Insert into VIDEOGAMESERP.USERS (IDUSER,NAME,PASSWORD,DELETED) values ('1','root','c93ccd78b2076528346216b3b2f701e6','0');
Insert into VIDEOGAMESERP.USERS (IDUSER,NAME,PASSWORD,DELETED) values ('2','user1','81dc9bdb52d04dc20036dbd8313ed055','0');
Insert into VIDEOGAMESERP.USERS (IDUSER,NAME,PASSWORD,DELETED) values ('3','encargado','81dc9bdb52d04dc20036dbd8313ed055','0');
REM INSERTING into VIDEOGAMESERP.USERS_ROLES
SET DEFINE OFF;
Insert into VIDEOGAMESERP.USERS_ROLES (IDUSERROL,IDUSER,IDROLE) values ('1','1','1');
Insert into VIDEOGAMESERP.USERS_ROLES (IDUSERROL,IDUSER,IDROLE) values ('2','2','2');
Insert into VIDEOGAMESERP.USERS_ROLES (IDUSERROL,IDUSER,IDROLE) values ('3','3','3');
--------------------------------------------------------
--  DDL for Index SYS_C007252
--------------------------------------------------------

  CREATE UNIQUE INDEX "VIDEOGAMESERP"."SYS_C007252" ON "VIDEOGAMESERP"."LOGS" ("FECHACAMBIO") 
  PCTFREE 10 INITRANS 2 MAXTRANS 255 COMPUTE STATISTICS 
  STORAGE(INITIAL 65536 NEXT 1048576 MINEXTENTS 1 MAXEXTENTS 2147483645
  PCTINCREASE 0 FREELISTS 1 FREELIST GROUPS 1 BUFFER_POOL DEFAULT FLASH_CACHE DEFAULT CELL_FLASH_CACHE DEFAULT)
  TABLESPACE "USERS" ;
--------------------------------------------------------
--  DDL for Index ORDERS_PK
--------------------------------------------------------

  CREATE UNIQUE INDEX "VIDEOGAMESERP"."ORDERS_PK" ON "VIDEOGAMESERP"."ORDERS" ("IDORDER") 
  PCTFREE 10 INITRANS 2 MAXTRANS 255 COMPUTE STATISTICS 
  STORAGE(INITIAL 65536 NEXT 1048576 MINEXTENTS 1 MAXEXTENTS 2147483645
  PCTINCREASE 0 FREELISTS 1 FREELIST GROUPS 1 BUFFER_POOL DEFAULT FLASH_CACHE DEFAULT CELL_FLASH_CACHE DEFAULT)
  TABLESPACE "USERS" ;
--------------------------------------------------------
--  DDL for Index ORDERSPRODUCTS_PK
--------------------------------------------------------

  CREATE UNIQUE INDEX "VIDEOGAMESERP"."ORDERSPRODUCTS_PK" ON "VIDEOGAMESERP"."ORDERSPRODUCTS" ("IDORDERPRODUCT") 
  PCTFREE 10 INITRANS 2 MAXTRANS 255 COMPUTE STATISTICS 
  STORAGE(INITIAL 65536 NEXT 1048576 MINEXTENTS 1 MAXEXTENTS 2147483645
  PCTINCREASE 0 FREELISTS 1 FREELIST GROUPS 1 BUFFER_POOL DEFAULT FLASH_CACHE DEFAULT CELL_FLASH_CACHE DEFAULT)
  TABLESPACE "USERS" ;
--------------------------------------------------------
--  DDL for Index CUSTOMERS_PK
--------------------------------------------------------

  CREATE UNIQUE INDEX "VIDEOGAMESERP"."CUSTOMERS_PK" ON "VIDEOGAMESERP"."CUSTOMERS" ("IDCUSTOMER") 
  PCTFREE 10 INITRANS 2 MAXTRANS 255 COMPUTE STATISTICS 
  STORAGE(INITIAL 65536 NEXT 1048576 MINEXTENTS 1 MAXEXTENTS 2147483645
  PCTINCREASE 0 FREELISTS 1 FREELIST GROUPS 1 BUFFER_POOL DEFAULT FLASH_CACHE DEFAULT CELL_FLASH_CACHE DEFAULT)
  TABLESPACE "USERS" ;
--------------------------------------------------------
--  DDL for Index CUSTOMERS_UK_DNI
--------------------------------------------------------

  CREATE UNIQUE INDEX "VIDEOGAMESERP"."CUSTOMERS_UK_DNI" ON "VIDEOGAMESERP"."CUSTOMERS" ("DNI") 
  PCTFREE 10 INITRANS 2 MAXTRANS 255 COMPUTE STATISTICS 
  STORAGE(INITIAL 65536 NEXT 1048576 MINEXTENTS 1 MAXEXTENTS 2147483645
  PCTINCREASE 0 FREELISTS 1 FREELIST GROUPS 1 BUFFER_POOL DEFAULT FLASH_CACHE DEFAULT CELL_FLASH_CACHE DEFAULT)
  TABLESPACE "USERS" ;
--------------------------------------------------------
--  DDL for Index SYS_C007142
--------------------------------------------------------

  CREATE UNIQUE INDEX "VIDEOGAMESERP"."SYS_C007142" ON "VIDEOGAMESERP"."CATEGORIES" ("IDCATEGORY") 
  PCTFREE 10 INITRANS 2 MAXTRANS 255 COMPUTE STATISTICS 
  STORAGE(INITIAL 65536 NEXT 1048576 MINEXTENTS 1 MAXEXTENTS 2147483645
  PCTINCREASE 0 FREELISTS 1 FREELIST GROUPS 1 BUFFER_POOL DEFAULT FLASH_CACHE DEFAULT CELL_FLASH_CACHE DEFAULT)
  TABLESPACE "USERS" ;
--------------------------------------------------------
--  DDL for Index PAYMENTMETHODS_PK
--------------------------------------------------------

  CREATE UNIQUE INDEX "VIDEOGAMESERP"."PAYMENTMETHODS_PK" ON "VIDEOGAMESERP"."PAYMENTMETHODS" ("IDPAYMENTMETHOD") 
  PCTFREE 10 INITRANS 2 MAXTRANS 255 COMPUTE STATISTICS 
  STORAGE(INITIAL 65536 NEXT 1048576 MINEXTENTS 1 MAXEXTENTS 2147483645
  PCTINCREASE 0 FREELISTS 1 FREELIST GROUPS 1 BUFFER_POOL DEFAULT FLASH_CACHE DEFAULT CELL_FLASH_CACHE DEFAULT)
  TABLESPACE "USERS" ;
--------------------------------------------------------
--  DDL for Index SYS_C007152
--------------------------------------------------------

  CREATE UNIQUE INDEX "VIDEOGAMESERP"."SYS_C007152" ON "VIDEOGAMESERP"."PERMITS" ("IDPERMIT") 
  PCTFREE 10 INITRANS 2 MAXTRANS 255 COMPUTE STATISTICS 
  STORAGE(INITIAL 65536 NEXT 1048576 MINEXTENTS 1 MAXEXTENTS 2147483645
  PCTINCREASE 0 FREELISTS 1 FREELIST GROUPS 1 BUFFER_POOL DEFAULT FLASH_CACHE DEFAULT CELL_FLASH_CACHE DEFAULT)
  TABLESPACE "USERS" ;
--------------------------------------------------------
--  DDL for Index SYS_C007146
--------------------------------------------------------

  CREATE UNIQUE INDEX "VIDEOGAMESERP"."SYS_C007146" ON "VIDEOGAMESERP"."PLATFORMS" ("IDPLATFORM") 
  PCTFREE 10 INITRANS 2 MAXTRANS 255 COMPUTE STATISTICS 
  STORAGE(INITIAL 65536 NEXT 1048576 MINEXTENTS 1 MAXEXTENTS 2147483645
  PCTINCREASE 0 FREELISTS 1 FREELIST GROUPS 1 BUFFER_POOL DEFAULT FLASH_CACHE DEFAULT CELL_FLASH_CACHE DEFAULT)
  TABLESPACE "USERS" ;
--------------------------------------------------------
--  DDL for Index PRODUCTS_PK
--------------------------------------------------------

  CREATE UNIQUE INDEX "VIDEOGAMESERP"."PRODUCTS_PK" ON "VIDEOGAMESERP"."PRODUCTS" ("IDPRODUCT") 
  PCTFREE 10 INITRANS 2 MAXTRANS 255 COMPUTE STATISTICS 
  STORAGE(INITIAL 65536 NEXT 1048576 MINEXTENTS 1 MAXEXTENTS 2147483645
  PCTINCREASE 0 FREELISTS 1 FREELIST GROUPS 1 BUFFER_POOL DEFAULT FLASH_CACHE DEFAULT CELL_FLASH_CACHE DEFAULT)
  TABLESPACE "USERS" ;
--------------------------------------------------------
--  DDL for Index SYS_C007156
--------------------------------------------------------

  CREATE UNIQUE INDEX "VIDEOGAMESERP"."SYS_C007156" ON "VIDEOGAMESERP"."ROL_PERM" ("IDROLPERM") 
  PCTFREE 10 INITRANS 2 MAXTRANS 255 COMPUTE STATISTICS 
  STORAGE(INITIAL 65536 NEXT 1048576 MINEXTENTS 1 MAXEXTENTS 2147483645
  PCTINCREASE 0 FREELISTS 1 FREELIST GROUPS 1 BUFFER_POOL DEFAULT FLASH_CACHE DEFAULT CELL_FLASH_CACHE DEFAULT)
  TABLESPACE "USERS" ;
--------------------------------------------------------
--  DDL for Index SYS_C007149
--------------------------------------------------------

  CREATE UNIQUE INDEX "VIDEOGAMESERP"."SYS_C007149" ON "VIDEOGAMESERP"."ROLES" ("IDROLE") 
  PCTFREE 10 INITRANS 2 MAXTRANS 255 COMPUTE STATISTICS 
  STORAGE(INITIAL 65536 NEXT 1048576 MINEXTENTS 1 MAXEXTENTS 2147483645
  PCTINCREASE 0 FREELISTS 1 FREELIST GROUPS 1 BUFFER_POOL DEFAULT FLASH_CACHE DEFAULT CELL_FLASH_CACHE DEFAULT)
  TABLESPACE "USERS" ;
--------------------------------------------------------
--  DDL for Index USERS_PK
--------------------------------------------------------

  CREATE UNIQUE INDEX "VIDEOGAMESERP"."USERS_PK" ON "VIDEOGAMESERP"."USERS" ("IDUSER") 
  PCTFREE 10 INITRANS 2 MAXTRANS 255 COMPUTE STATISTICS 
  STORAGE(INITIAL 65536 NEXT 1048576 MINEXTENTS 1 MAXEXTENTS 2147483645
  PCTINCREASE 0 FREELISTS 1 FREELIST GROUPS 1 BUFFER_POOL DEFAULT FLASH_CACHE DEFAULT CELL_FLASH_CACHE DEFAULT)
  TABLESPACE "USERS" ;
--------------------------------------------------------
--  DDL for Index SYS_C007160
--------------------------------------------------------

  CREATE UNIQUE INDEX "VIDEOGAMESERP"."SYS_C007160" ON "VIDEOGAMESERP"."USERS_ROLES" ("IDUSERROL") 
  PCTFREE 10 INITRANS 2 MAXTRANS 255 COMPUTE STATISTICS 
  STORAGE(INITIAL 65536 NEXT 1048576 MINEXTENTS 1 MAXEXTENTS 2147483645
  PCTINCREASE 0 FREELISTS 1 FREELIST GROUPS 1 BUFFER_POOL DEFAULT FLASH_CACHE DEFAULT CELL_FLASH_CACHE DEFAULT)
  TABLESPACE "USERS" ;
--------------------------------------------------------
--  Constraints for Table LOGS
--------------------------------------------------------

  ALTER TABLE "VIDEOGAMESERP"."LOGS" ADD PRIMARY KEY ("FECHACAMBIO")
  USING INDEX PCTFREE 10 INITRANS 2 MAXTRANS 255 COMPUTE STATISTICS 
  STORAGE(INITIAL 65536 NEXT 1048576 MINEXTENTS 1 MAXEXTENTS 2147483645
  PCTINCREASE 0 FREELISTS 1 FREELIST GROUPS 1 BUFFER_POOL DEFAULT FLASH_CACHE DEFAULT CELL_FLASH_CACHE DEFAULT)
  TABLESPACE "USERS"  ENABLE;
  ALTER TABLE "VIDEOGAMESERP"."LOGS" MODIFY ("DESCRIPCION" NOT NULL ENABLE);
  ALTER TABLE "VIDEOGAMESERP"."LOGS" MODIFY ("IDUSER" NOT NULL ENABLE);
  ALTER TABLE "VIDEOGAMESERP"."LOGS" MODIFY ("FECHACAMBIO" NOT NULL ENABLE);
--------------------------------------------------------
--  Constraints for Table ORDERS
--------------------------------------------------------

  ALTER TABLE "VIDEOGAMESERP"."ORDERS" ADD CONSTRAINT "ORDERS_PK" PRIMARY KEY ("IDORDER")
  USING INDEX PCTFREE 10 INITRANS 2 MAXTRANS 255 COMPUTE STATISTICS 
  STORAGE(INITIAL 65536 NEXT 1048576 MINEXTENTS 1 MAXEXTENTS 2147483645
  PCTINCREASE 0 FREELISTS 1 FREELIST GROUPS 1 BUFFER_POOL DEFAULT FLASH_CACHE DEFAULT CELL_FLASH_CACHE DEFAULT)
  TABLESPACE "USERS"  ENABLE;
--------------------------------------------------------
--  Constraints for Table ORDERSPRODUCTS
--------------------------------------------------------

  ALTER TABLE "VIDEOGAMESERP"."ORDERSPRODUCTS" ADD CONSTRAINT "ORDERSPRODUCTS_PK" PRIMARY KEY ("IDORDERPRODUCT")
  USING INDEX PCTFREE 10 INITRANS 2 MAXTRANS 255 COMPUTE STATISTICS 
  STORAGE(INITIAL 65536 NEXT 1048576 MINEXTENTS 1 MAXEXTENTS 2147483645
  PCTINCREASE 0 FREELISTS 1 FREELIST GROUPS 1 BUFFER_POOL DEFAULT FLASH_CACHE DEFAULT CELL_FLASH_CACHE DEFAULT)
  TABLESPACE "USERS"  ENABLE;
--------------------------------------------------------
--  Constraints for Table CUSTOMERS
--------------------------------------------------------

  ALTER TABLE "VIDEOGAMESERP"."CUSTOMERS" ADD CONSTRAINT "CUSTOMERS_UK_DNI" UNIQUE ("DNI")
  USING INDEX PCTFREE 10 INITRANS 2 MAXTRANS 255 COMPUTE STATISTICS 
  STORAGE(INITIAL 65536 NEXT 1048576 MINEXTENTS 1 MAXEXTENTS 2147483645
  PCTINCREASE 0 FREELISTS 1 FREELIST GROUPS 1 BUFFER_POOL DEFAULT FLASH_CACHE DEFAULT CELL_FLASH_CACHE DEFAULT)
  TABLESPACE "USERS"  ENABLE;
  ALTER TABLE "VIDEOGAMESERP"."CUSTOMERS" ADD CONSTRAINT "CUSTOMERS_PK" PRIMARY KEY ("IDCUSTOMER")
  USING INDEX PCTFREE 10 INITRANS 2 MAXTRANS 255 COMPUTE STATISTICS 
  STORAGE(INITIAL 65536 NEXT 1048576 MINEXTENTS 1 MAXEXTENTS 2147483645
  PCTINCREASE 0 FREELISTS 1 FREELIST GROUPS 1 BUFFER_POOL DEFAULT FLASH_CACHE DEFAULT CELL_FLASH_CACHE DEFAULT)
  TABLESPACE "USERS"  ENABLE;
--------------------------------------------------------
--  Constraints for Table CATEGORIES
--------------------------------------------------------

  ALTER TABLE "VIDEOGAMESERP"."CATEGORIES" ADD PRIMARY KEY ("IDCATEGORY")
  USING INDEX PCTFREE 10 INITRANS 2 MAXTRANS 255 COMPUTE STATISTICS 
  STORAGE(INITIAL 65536 NEXT 1048576 MINEXTENTS 1 MAXEXTENTS 2147483645
  PCTINCREASE 0 FREELISTS 1 FREELIST GROUPS 1 BUFFER_POOL DEFAULT FLASH_CACHE DEFAULT CELL_FLASH_CACHE DEFAULT)
  TABLESPACE "USERS"  ENABLE;
  ALTER TABLE "VIDEOGAMESERP"."CATEGORIES" MODIFY ("DELETED" NOT NULL ENABLE);
  ALTER TABLE "VIDEOGAMESERP"."CATEGORIES" MODIFY ("NAME" NOT NULL ENABLE);
  ALTER TABLE "VIDEOGAMESERP"."CATEGORIES" MODIFY ("IDCATEGORY" NOT NULL ENABLE);
--------------------------------------------------------
--  Constraints for Table PAYMENTMETHODS
--------------------------------------------------------

  ALTER TABLE "VIDEOGAMESERP"."PAYMENTMETHODS" MODIFY ("IDPAYMENTMETHOD" NOT NULL ENABLE);
  ALTER TABLE "VIDEOGAMESERP"."PAYMENTMETHODS" ADD CONSTRAINT "PAYMENTMETHODS_PK" PRIMARY KEY ("IDPAYMENTMETHOD")
  USING INDEX PCTFREE 10 INITRANS 2 MAXTRANS 255 COMPUTE STATISTICS 
  STORAGE(INITIAL 65536 NEXT 1048576 MINEXTENTS 1 MAXEXTENTS 2147483645
  PCTINCREASE 0 FREELISTS 1 FREELIST GROUPS 1 BUFFER_POOL DEFAULT FLASH_CACHE DEFAULT CELL_FLASH_CACHE DEFAULT)
  TABLESPACE "USERS"  ENABLE;
--------------------------------------------------------
--  Constraints for Table PERMITS
--------------------------------------------------------

  ALTER TABLE "VIDEOGAMESERP"."PERMITS" ADD PRIMARY KEY ("IDPERMIT")
  USING INDEX PCTFREE 10 INITRANS 2 MAXTRANS 255 COMPUTE STATISTICS 
  STORAGE(INITIAL 65536 NEXT 1048576 MINEXTENTS 1 MAXEXTENTS 2147483645
  PCTINCREASE 0 FREELISTS 1 FREELIST GROUPS 1 BUFFER_POOL DEFAULT FLASH_CACHE DEFAULT CELL_FLASH_CACHE DEFAULT)
  TABLESPACE "USERS"  ENABLE;
  ALTER TABLE "VIDEOGAMESERP"."PERMITS" MODIFY ("NAME" NOT NULL ENABLE);
  ALTER TABLE "VIDEOGAMESERP"."PERMITS" MODIFY ("IDPERMIT" NOT NULL ENABLE);
--------------------------------------------------------
--  Constraints for Table PLATFORMS
--------------------------------------------------------

  ALTER TABLE "VIDEOGAMESERP"."PLATFORMS" ADD PRIMARY KEY ("IDPLATFORM")
  USING INDEX PCTFREE 10 INITRANS 2 MAXTRANS 255 COMPUTE STATISTICS 
  STORAGE(INITIAL 65536 NEXT 1048576 MINEXTENTS 1 MAXEXTENTS 2147483645
  PCTINCREASE 0 FREELISTS 1 FREELIST GROUPS 1 BUFFER_POOL DEFAULT FLASH_CACHE DEFAULT CELL_FLASH_CACHE DEFAULT)
  TABLESPACE "USERS"  ENABLE;
  ALTER TABLE "VIDEOGAMESERP"."PLATFORMS" MODIFY ("DELETED" NOT NULL ENABLE);
  ALTER TABLE "VIDEOGAMESERP"."PLATFORMS" MODIFY ("NAME" NOT NULL ENABLE);
  ALTER TABLE "VIDEOGAMESERP"."PLATFORMS" MODIFY ("IDPLATFORM" NOT NULL ENABLE);
--------------------------------------------------------
--  Constraints for Table PRODUCTS
--------------------------------------------------------

  ALTER TABLE "VIDEOGAMESERP"."PRODUCTS" ADD CONSTRAINT "PRODUCTS_PK" PRIMARY KEY ("IDPRODUCT")
  USING INDEX PCTFREE 10 INITRANS 2 MAXTRANS 255 COMPUTE STATISTICS 
  STORAGE(INITIAL 65536 NEXT 1048576 MINEXTENTS 1 MAXEXTENTS 2147483645
  PCTINCREASE 0 FREELISTS 1 FREELIST GROUPS 1 BUFFER_POOL DEFAULT FLASH_CACHE DEFAULT CELL_FLASH_CACHE DEFAULT)
  TABLESPACE "USERS"  ENABLE;
  ALTER TABLE "VIDEOGAMESERP"."PRODUCTS" MODIFY ("PRICE" NOT NULL ENABLE);
  ALTER TABLE "VIDEOGAMESERP"."PRODUCTS" MODIFY ("IDPRODUCT" NOT NULL ENABLE);
--------------------------------------------------------
--  Constraints for Table ROL_PERM
--------------------------------------------------------

  ALTER TABLE "VIDEOGAMESERP"."ROL_PERM" ADD PRIMARY KEY ("IDROLPERM")
  USING INDEX PCTFREE 10 INITRANS 2 MAXTRANS 255 COMPUTE STATISTICS 
  STORAGE(INITIAL 65536 NEXT 1048576 MINEXTENTS 1 MAXEXTENTS 2147483645
  PCTINCREASE 0 FREELISTS 1 FREELIST GROUPS 1 BUFFER_POOL DEFAULT FLASH_CACHE DEFAULT CELL_FLASH_CACHE DEFAULT)
  TABLESPACE "USERS"  ENABLE;
  ALTER TABLE "VIDEOGAMESERP"."ROL_PERM" MODIFY ("IDROLE" NOT NULL ENABLE);
  ALTER TABLE "VIDEOGAMESERP"."ROL_PERM" MODIFY ("IDPERMIT" NOT NULL ENABLE);
  ALTER TABLE "VIDEOGAMESERP"."ROL_PERM" MODIFY ("IDROLPERM" NOT NULL ENABLE);
--------------------------------------------------------
--  Constraints for Table ROLES
--------------------------------------------------------

  ALTER TABLE "VIDEOGAMESERP"."ROLES" ADD PRIMARY KEY ("IDROLE")
  USING INDEX PCTFREE 10 INITRANS 2 MAXTRANS 255 COMPUTE STATISTICS 
  STORAGE(INITIAL 65536 NEXT 1048576 MINEXTENTS 1 MAXEXTENTS 2147483645
  PCTINCREASE 0 FREELISTS 1 FREELIST GROUPS 1 BUFFER_POOL DEFAULT FLASH_CACHE DEFAULT CELL_FLASH_CACHE DEFAULT)
  TABLESPACE "USERS"  ENABLE;
  ALTER TABLE "VIDEOGAMESERP"."ROLES" MODIFY ("NAME" NOT NULL ENABLE);
  ALTER TABLE "VIDEOGAMESERP"."ROLES" MODIFY ("IDROLE" NOT NULL ENABLE);
--------------------------------------------------------
--  Constraints for Table USERS
--------------------------------------------------------

  ALTER TABLE "VIDEOGAMESERP"."USERS" ADD CONSTRAINT "USERS_PK" PRIMARY KEY ("IDUSER")
  USING INDEX PCTFREE 10 INITRANS 2 MAXTRANS 255 COMPUTE STATISTICS 
  STORAGE(INITIAL 65536 NEXT 1048576 MINEXTENTS 1 MAXEXTENTS 2147483645
  PCTINCREASE 0 FREELISTS 1 FREELIST GROUPS 1 BUFFER_POOL DEFAULT FLASH_CACHE DEFAULT CELL_FLASH_CACHE DEFAULT)
  TABLESPACE "USERS"  ENABLE;
--------------------------------------------------------
--  Constraints for Table USERS_ROLES
--------------------------------------------------------

  ALTER TABLE "VIDEOGAMESERP"."USERS_ROLES" ADD PRIMARY KEY ("IDUSERROL")
  USING INDEX PCTFREE 10 INITRANS 2 MAXTRANS 255 COMPUTE STATISTICS 
  STORAGE(INITIAL 65536 NEXT 1048576 MINEXTENTS 1 MAXEXTENTS 2147483645
  PCTINCREASE 0 FREELISTS 1 FREELIST GROUPS 1 BUFFER_POOL DEFAULT FLASH_CACHE DEFAULT CELL_FLASH_CACHE DEFAULT)
  TABLESPACE "USERS"  ENABLE;
  ALTER TABLE "VIDEOGAMESERP"."USERS_ROLES" MODIFY ("IDROLE" NOT NULL ENABLE);
  ALTER TABLE "VIDEOGAMESERP"."USERS_ROLES" MODIFY ("IDUSER" NOT NULL ENABLE);
  ALTER TABLE "VIDEOGAMESERP"."USERS_ROLES" MODIFY ("IDUSERROL" NOT NULL ENABLE);
